	protein	coefficient_control	p_value_control	random_intercept_variance_control	residual_variance_control	log_likelihood_control	aic_control	bic_control	bse_control	q_value_control	coefficient_treated	p_value_treated	random_intercept_variance_treated	residual_variance_treated	log_likelihood_treated	aic_treated	bic_treated	bse_treated	q_value_treated	diff	se_diff	z_stat	p_value	q_value	log2_fold_change
0	CES1	-2.026075579878991	4.977239126242731e-44	0.1322401025250903	0.4034897804606709	-433.0542061666124			0.1455802219060807	2.0631841235210938e-42	-0.3218183993638054	0.0188233733249497	0.344608376740756	0.0829776116416734	-29.398593860225617			0.1370016831109813	0.1056618689307176	1.7042571805151856	0.19990763413503104	8.52522310060463	0.0	0.0	2.6543692759204327
1	ACSS3	-2.3659315650031987	2.847123373394255e-60	0.2451633787957035	0.3617957776815422	-400.1422426022386			0.1444772621633853	2.915789290046705e-58	-0.4656537103011941	0.0007841210451152	0.3515167235942324	0.0700907336648324	-19.98978722287808			0.1386559169555254	0.0097092635292216	1.9002778547020045	0.20024770308047263	9.489636212897526	0.0	0.0	2.345078965080923
2	AOX1	-1.7807402530634198	1.5525801119648063e-89	0.2646767054093565	0.1516314044544375	-235.92801191743752			0.0887571995678672	9.010139916435756e-87	-0.5270537647758041	0.0002875673413772	0.226799594231939	0.0856200982290383	-29.59665695671956			0.1453440371079372	0.004483920397031	1.2536864882876158	0.17030187784626344	7.361554106992031	4.546363285840016e-14	2.591427072928809e-12	1.7564550498121783
3	ALDH1L1	-1.5605981357236185	3.8896476087728527e-53	0.5587038698596608	0.1971113621097756	-295.7025239643219			0.101707900700132	2.7087505947494154e-51	-0.5455394040942947	8.987383959787824e-07	0.3754389110348773	0.0556066233580661	-8.089851640921154			0.111048885660932	4.882178899446031e-05	1.0150587316293238	0.15058669287610596	6.740693432084703	3.940792137058224e-12	1.684688638592391e-10	1.5163437709709564
4	NADK2	-1.612273046442576	7.962113150343902e-65	0.1643172501278325	0.1743130963015949	-262.13022536273365			0.0948294866472372	1.0663106919037487e-62	-0.4427891111719117	0.003662722190899	0.2721165916742732	0.104989497383921	-42.59567738893895			0.1523791988932489	0.0331614202659894	1.1694839352706643	0.17947716231634275	6.516059871781102	1.8044565841535132e-11	6.171241517805015e-10	1.864404442423438
5	FMO3	-1.7332371426131183	1.5514841583060167e-68	0.2786882039297001	0.1901598351569921	-283.09461816616727			0.0990678103888023	2.45557629055525e-66	-0.5666308700499469	0.0001646327890814	0.4351682465747631	0.0957796677296761	-37.672299306291			0.1503841070720181	0.0030134958349259	1.1666062725631714	0.18008278850317674	6.4781664159014944	2.3210988686628298e-11	6.615131775689065e-10	1.6129879514640701
6	TSSK6	1.9812540705826	1.9613483794434168e-63	0.3489625842213506	0.2233422942945434	-273.48296806722374			0.1178408971960363	2.2764716857406592e-61	0.4835835101149334	0.0177651086985498	0.3938905740527416	0.1550571368120831	-54.89496854902612			0.2040025438506848	0.1028056462142883	1.4976705604676668	0.23559183973456588	6.357056178834744	5.1414206225786074e-11	1.2559756092299171e-09	2.0345769437718415
7	CS	-2.0448679146748447	4.918662165887399e-63	0.0802094431738497	0.2888655342199192	-362.1978634763029			0.1220206393678683	5.3521192692562254e-61	-0.8336908558667655	5.474495756318385e-07	0.3122521140644696	0.1085925936643184	-41.61072236478765			0.1664422495419798	3.5457887898616e-05	1.2111770588080792	0.20637843604489797	5.8687190484600125	1.0979372411235033e-09	2.3468408529014884e-08	1.2944232407358882
8	ASS1	1.8267410983318464	1.4854283906993178e-72	0.1825528907611112	0.2005048409647543	-292.7929762010665			0.1014010355941799	2.873478698008347e-70	0.1223446092934337	0.6597775432572239	0.5008130728816443	0.3358927386425105	-107.46780746699284			0.2779167691091608	0.8438434752819227	1.7043964890384127	0.2958376253481743	5.761256659062521	2.087249206805808e-09	3.965773492931035e-08	3.900249736747654
9	ERP29	-1.0088552301401557	1.9270286207001334e-13	0.323079793587044	0.3588970817578171	-416.8979428109799			0.1371889724777197	1.6207520911299189e-12	0.5764952657885322	0.0183987072463349	0.4032744676800972	0.2693066126580738	-94.998668041109			0.2445372254725173	0.1042383753895236	1.585350495928688	0.2803912780585182	5.654064944194955	3.917423940791309e-09	6.69879493875314e-08	
10	SUCLG2	1.8223696617767169	1.2155823287196137e-84	0.3454737218465729	0.1610377729363553	-245.56105976231515			0.0934798418183669	3.5272147238347446e-82	0.6572398050559052	0.0005222923550237	0.2299167531256438	0.1537971274984053	-61.82683435541071			0.1894578751476949	0.0071507343565847	1.1651298567208117	0.21126468536380247	5.515024220514812	8.718298194487772e-09	1.355299082961281e-07	1.471323871441381
11	ACAT1	-1.286369097071276	4.9117521346414685e-34	0.2512456276154367	0.2101098333918411	-302.007543239082			0.1057635820050368	1.4018623715427535e-32	-0.1170798280685806	0.5289038126532182	0.1993543504684211	0.1542852851684114	-61.29895839059907			0.1859353691346885	0.7759928472069225	1.1692892690026955	0.21391095524490794	5.466243033995005	1.1491849805089771e-08	1.6375885972252924e-07	3.457740216260476
12	UGT1A9	-1.160565251793925	2.0679967917822863e-20	0.175205951521732	0.2914414021458019	-364.6133504847524			0.1253476636299322	2.9755226566057533e-19	-0.0627409930126001	0.6925247387724136	0.4074948745800352	0.1051382177435821	-41.65850800655909			0.1586647794398096	0.8641527500213416	1.0978242587813247	0.20220422599976998	5.429284444245857	1.4145111193464288e-08	1.860626164678764e-07	4.209275465891439
13	UGT2B7	-1.2533946883081346	3.141557332809844e-27	0.4776197578724698	0.2574863181563543	-349.153454711055			0.1159650416434481	7.103183527820699e-26	0.5326747825888402	0.0852213476255426	0.2997689086888347	0.4299497659600264	-121.3379448680496			0.3094854754890113	0.2684732726220877	1.7860694708969747	0.33049833648904503	5.404170834476128	1.6277217240734387e-08	1.8758745660152345e-07	
14	ALDOB	1.183933249562232	1.832807441731205e-41	0.4878649486506495	0.1425460005716256	-222.27332545042464			0.0877748381722701	6.9367777305522355e-40	0.2641263113622531	0.0702374734466027	0.8833057851246133	0.0993361023068278	-42.158492976213154			0.1458958181975233	0.2438760933692349	0.9198069381999787	0.17026453530812863	5.402222703250558	1.6455040052765213e-08	1.8758745660152345e-07	2.1642878136351333
15	GANAB	-1.248166057742286	8.058817836026425e-26	0.3295318534039967	0.2638177226669761	-348.79263198131366			0.1187988538441866	1.6702859348240483e-24	0.5407557166796504	0.0932395062912642	0.1559392055735535	0.4572205212277343	-121.74729045312296			0.3221561870084431	0.2839336864276474	1.7889217744219363	0.3433624564545626	5.210009833030961	4.7207655839986984e-08	5.045318217898609e-07	
16	GLUD1	-2.025921089198	3.3051221453832137e-85	0.135398229661864	0.207585192648822	-296.9028162061252			0.1035677902768456	1.1508435310224349e-82	-0.758598734572301	0.0008100849231745	0.225656681068205	0.2350957065714077	-87.39581323008434			0.226492969340461	0.0098853841349711	1.267322354625699	0.24904889548738757	5.0886487657194985	9.015595603401039e-08	9.068628518715163e-07	1.4171691112546256
17	UGT1A6	-1.7665551137666302	1.367391739153777e-64	0.2208561723025021	0.2076426692923075	-300.6515532401136			0.1040982025061196	1.7004492984762328e-62	-0.8115999495039891	2.965471283769066e-07	0.3115875089271637	0.0999702343017602	-38.893820509870295			0.158341553579154	2.4969268209335534e-05	0.9549551642626412	0.18949533860985918	5.039465198818121	1.1670862609669541e-07	1.1087319479186064e-06	1.1220980793219275
18	PON1	-1.896671744626335	1.7979972714125974e-53	0.2518951093077227	0.2795443914145188	-361.4546528082801			0.1232091414488464	1.3042971873038886e-51	-0.4732129187329176	0.0682335177275812	0.192468816806121	0.3134632654147812	-104.02359109610438			0.2595135184437173	0.240387539441939	1.4234588258934173	0.2872764501166071	4.95501397805364	1.8081272412651117e-07	1.6273145171386005e-06	2.0029086493793393
19	DLAT	-1.6222651718312624	1.8979633351181848e-43	0.1404723945565516	0.2636026926141444	-345.63663224001			0.1173748690860608	7.684544573118046e-42	-0.6104121647211763	0.0004612478348587	0.4161000530497796	0.1312269218594565	-53.35067244757974			0.1742885950881252	0.0064728446158516	1.0118530071100862	0.21012704316856115	4.815434471699062	3.6719989693345667e-07	3.1395591187810547e-06	1.4101540399215775
20	HMGCS2	1.5169073718215014	4.944934422226517e-41	0.2093552164910851	0.2472937325925285	-335.54949105779133			0.1130761741661059	1.8317299636375248e-39	0.6186273848211173	3.2606204177646435e-05	0.7191076848891834	0.0978376873540066	-40.13468783619413			0.1489069453463751	0.0009467042730199	0.898279987000384	0.18697459596541946	4.804288958947765	3.88256022554323e-07	3.1615133265137733e-06	1.2939903879511951
21	ADH4	-1.6201342289020269	5.20888562793624e-59	0.1363517765803222	0.187931959699294	-274.3792759666467			0.1000205968458966	4.3184142277319006e-57	-0.7282528078893656	5.079088090432135e-06	0.2746287112312668	0.1189619661890333	-50.609232259218686			0.1596522492241493	0.0002250837985338	0.8918814210126612	0.18839575493025118	4.734084487959179	5.501151453257691e-07	4.2758949932139325e-06	1.1536020820224488
22	AKR1D1	-1.2403296721455672	1.595532730299896e-35	0.4228326651890483	0.192286705832693	-288.1234274814067			0.0997091822027098	4.873372777986175e-34	-0.4051561507023803	0.0057515793238727	0.3003738670512876	0.0939460829391084	-35.568578464196605			0.1467097203574052	0.0454725801943739	0.8351735214431869	0.17738563375561509	4.708236533933796	6.246726405589875e-07	4.644305284155951e-06	1.6141736837258172
23	MTTP	-1.2819047778780848	2.113236047333236e-18	0.2210538540801163	0.396423708452026	-429.54046671299056			0.1464853505061817	2.59094644958251e-17	0.1240405986776345	0.6438627765880742	0.4201077081598284	0.3359769928037414	-109.0324164622275			0.2683091450818503	0.8338383489194705	1.4059453765557193	0.30569225578590026	4.599218167765462	1.0601987104341681e-06	7.553915811843448e-06	
24	AMDHD1	1.7968510909410886	2.5060178478300905e-50	0.2695445994103686	0.2715265111751825	-352.69784573531365			0.1204461572654827	1.504474852783513e-48	0.1464661169981213	0.6743095166378781	1.3031994354404275	0.4570373029833957	-115.3069761401008			0.3485289864342777	0.8531459248821838	1.6503849739429675	0.3687542964969036	4.475568121161744	1.905209876362779e-06	1.3031635554321408e-05	3.61683199453134
25	ADH6	-1.3103357327574092	1.2655726906746574e-41	0.1221418053382643	0.1808633297597337	-264.5450247354647			0.0969500308183593	4.896360121032397e-40	-0.3778718103718592	0.0454138986081145	0.4311551400495298	0.1618085778206458	-65.48652520129428			0.1888603182948486	0.1848257798970023	0.93246392238555	0.21229114042303399	4.392382652085352	2.80287867632234e-06	1.8434317448120006e-05	1.7939677036557375
26	UGT1A1	-1.3881098886422336	4.4551676903684535e-48	0.4353085032469941	0.165328075207413	-252.9134195769648			0.0952815424647068	2.281307926156317e-46	-0.6002473162259189	0.0001582632778053	0.3806132173450943	0.1007545667939324	-37.5518993369881			0.1588909358066653	0.0029287402178482	0.7878625724163147	0.18526980816088615	4.25251464465351	5.284584708942219e-06	3.3469036489967394e-05	1.209492829141545
27	ARF6	-1.23122759031243	4.2078981015505404e-17	0.195332820403204	0.3920469490460719	-408.0620954365561			0.1464534404311397	4.788203003136921e-16	0.2212986518434323	0.4800993217684708	0.0519003635999727	0.4456959974944566	-118.97298469999384			0.3133907814088339	0.7444012191947023	1.4525262421558622	0.34592252324206485	4.198992966813652	6.702616168030584e-06	4.093383445475821e-05	
28	ORMDL2	-1.081576383397192	2.467246611718911e-13	0.4008102197243621	0.3601155790249542	-346.2528095375201			0.1477426900644322	2.055251842584988e-12	0.3381499491581356	0.2701309665423747	0.2483481712776936	0.3655997860513795	-89.53909102686032			0.3066393785075034	0.5314258734314941	1.4197263325553278	0.340375690846075	4.171056778544616	7.5797574767833e-06	4.469443201827394e-05	
29	ACO2	1.2281565408064774	5.648368757406819e-38	0.280924675524358	0.1739412206666899	-261.7129723714811			0.0953353412401617	1.9281980405186807e-36	0.0518164955645364	0.8483056794635138	0.1556269205477088	0.3167290937047687	-97.38100297886592			0.2708924371624633	0.9421448673300136	1.176340045241941	0.287178585206483	4.096196951441021	1.0499816437747889e-05	5.984895369516297e-05	4.566939201121047
30	PDHA1	-1.1880816576056683	3.315213179555644e-17	0.2825698455813267	0.3635598044767313	-407.6263866871029			0.140853288918953	3.873681976917031e-16	-0.2320910391838516	0.2301865408971765	0.3001228396836116	0.1587167614604496	-62.848457877205504			0.1934287880524793	0.4900557962968966	0.9559906184218168	0.23927880191679538	3.9953000882804663	1.6153089676729238e-05	8.910252692647419e-05	2.3558712691160557
31	ACSM2B	-1.1367867217583794	7.710791554361856e-20	0.3713769721094809	0.295197348860156	-371.10563069883256			0.1246862875932274	1.065435563186031e-18	-0.4038114296530972	0.0040849182855132	0.3943461206829178	0.086572048905991	-31.87311114643205			0.1406259477833365	0.0363968380571655	0.7329752921052821	0.18794235154361216	3.900000644267743	2.4048108015206626e-05	0.0001285070772062604	1.4932079573634192
32	SULT2A1	-1.295993459642674	2.5184467108843693e-44	0.4544887122670595	0.1685014890017911	-261.4938729550868			0.0927972498948814	1.0694184691828504e-42	-0.2975795689868166	0.2145624019160107	0.3324447154899347	0.2524198849008771	-91.88738417216268			0.2397674720608429	0.4746481426572251	0.9984138906558575	0.2570987558244889	3.8833867066141505	2.5752885118301982e-05	0.0001334467683402921	2.122711054143936
33	ADH1B	-1.76008025538088	5.066423318939166e-88	0.1674866063039806	0.1515695784061664	-233.92799744345257			0.088495111326418	2.205160749568272e-85	-0.9775532192628866	1.3020986770101036e-07	0.2046407041589987	0.1536872445913794	-63.64131417026681			0.1851934998812735	1.4618227813900095e-05	0.7825270361179935	0.2052511074926281	3.8125350244265994	3.4387182565709384e-05	0.0001729473005510678	0.8483940618925184
34	PDXK	-1.44103673306675	1.6267523805750908e-24	0.1305442570511892	0.3804778009640246	-417.918661457996			0.141012653906994	3.1822201062710493e-23	-0.1695640746322657	0.580489798659058	0.1446105611156861	0.4109064195898911	-112.84124832489856			0.3068092232653064	0.8085565102910287	1.2714726584344842	0.33766324650834345	3.7655050455811656	4.155319170140448e-05	0.00020301702231257618	3.08720466625868
35	CPPED1	-1.48526484915961	4.960158943789498e-28	0.4460422350515877	0.3321129068666871	-392.0703502186773			0.1353137274620891	1.1669779352888535e-26	-0.4587883200097641	0.0615440885254826	0.4547295814826535	0.2644942439738379	-94.16710570960016			0.2453982803094526	0.2253048806019842	1.0264765291498459	0.28023226227278186	3.6629491580475477	6.233200995897636e-05	0.00029607704730513773	1.694819643861439
36	HSDL2	-1.6379031515549058	4.6293194732202966e-46	0.1534709991590711	0.2548386246042382	-339.8953632729281			0.1149586912294669	2.238790334132371e-44	-0.7534823402968058	0.0004042539278685	0.2730049773365292	0.1999104319240152	-77.39518621441408			0.2130111238768738	0.005919683604614	0.8844208112581	0.2420521422844276	3.6538441796513657	6.45857714362541e-05	0.00029849099771890413	1.1202044493778684
37	ACSL5	-2.367602547901472	2.770563861733295e-104	0.085249876252904	0.2159412481777433	-296.3256272919202			0.1091756348729716	4.823551683277667e-101	-1.553423925587794	4.071723143198825e-15	0.1911346146106695	0.1756674349760816	-69.24899133502697			0.197820338497447	6.856781773146819e-12	0.814178622313678	0.22594735133026217	3.6033997190947877	7.85204890134672e-05	0.0003533422005606024	0.6079753230539293
38	PSMA2	-1.107286912441527	1.7437111366410442e-16	0.1676105816469469	0.3364769014376766	-386.9050497237925			0.1344038126183427	1.839879447813369e-15	0.1881131924029228	0.5797068643867822	0.1184580995930356	0.5307118928770697	-128.43208395035282			0.3396691829755285	0.8085565102910287	1.29540010484445	0.36529377042266903	3.54618723266369	9.771210008047149e-05	0.0004284299772759135	
39	POR	-1.5942367668996908	3.0874740139840832e-43	0.5636500875315313	0.2441019738519101	-332.4454589474469			0.115640347897666	1.2216573314423383e-41	-0.9347213144715067	2.9365740109428286e-10	0.2880189526171995	0.0953817092091635	-37.3679863093638			0.1483192439628803	7.064558049182462e-08	0.6595154524281841	0.18807256097478342	3.5067074591312193	0.0001134219063116948	0.0004848786494824953	0.7702577088181396
40	AKR1C2	-1.477159199974398	1.980129444315845e-26	0.6159623510920471	0.3602535859584239	-414.3773627468647			0.1388548395590733	4.363804256397325e-25	-0.6880866389686066	0.0001114977575597	0.2522060499124725	0.1402346959520318	-58.84445456355991			0.1780714640410552	0.0021769723112412	0.7890725610057915	0.22580990406689605	3.494410771159219	0.00011877734897242087	0.0004951058245756931	1.1021631847406221
41	PGRMC2	-1.1371798876914083	7.892342746630343e-17	0.3638160693684918	0.3624496226932983	-421.5544328448816			0.1364696074160457	8.641867120681402e-16	-0.2672338455393807	0.2004928888315422	0.3192227707861419	0.2033147805338108	-79.84421695522599			0.2087522115499543	0.4538037967638672	0.8699460421520276	0.2494021643356098	3.4881254718438552	0.00012160493936946848	0.0004951058245756931	2.0892858448289613
42	AMACR	-2.1832916485720126	9.958191253360308e-50	0.1574385049782915	0.408690207803917	-435.733814392032			0.147261638692692	5.592648700677515e-48	-0.8935844591004231	0.0105047800578851	1.0681918270938495	0.4181903974981829	-110.5009937790776			0.3492262926217218	0.0716196340788605	1.2897071894715895	0.37900526868207174	3.402874039076906	0.00016670253564238235	0.0006629333394150554	1.2888288610426641
43	ADH1C	-1.5358600262113034	4.640793937160335e-59	0.2168986628227169	0.1741399140539743	-263.6775961211233			0.0947762971012117	4.039811122298072e-57	-0.8251081446563828	1.0812156088503883e-05	0.208133858373796	0.164103944038952	-68.3872360118653			0.1875135244503109	0.0004335159726914	0.7107518815549205	0.21010442247604996	3.3828506472106263	0.00017934408429237658	0.0006969963275908273	0.8963916121085268
44	ECI1	-1.3162396928391358	1.3718841986265873e-33	0.2959747675202976	0.2097312272991628	-292.14269763970924			0.1089737096596198	3.7911910949347436e-32	-0.3606236034931891	0.1754796887362761	0.2571140572678156	0.294699626779194	-95.13982922875375			0.2661811845905767	0.4179742515302533	0.9556160893459467	0.28762422086295475	3.3224465119064925	0.00022307944314042816	0.000847701883933627	1.8678565018151136
45	NNMT	1.7093933460037385	3.982854246874566e-34	0.1173404645004641	0.2719231628637945	-292.6790128600578			0.1403466522640362	1.15569154063477e-32	0.7233795401153611	0.0059474165491459	0.5221125756152895	0.3191573259563104	-103.87186509733732			0.2629833715510613	0.0462608251682344	0.9860138058883774	0.29808964509705105	3.3077761073094445	0.00023509989862213754	0.0008739583187909896	1.2406597128015207
46	CYP2E1	-2.093098574940808	3.694957781384693e-46	0.062834791780414	0.367397200813995	-386.86005408533015			0.1467451767500237	1.8379775706830721e-44	-1.043149412739563	0.0002411660704237	0.1332427673587852	0.2606846390613051	-71.49019481005234			0.2841236409463593	0.0040210263623132	1.0499491622012451	0.319781785353718	3.2833301028695936	0.0002564711522334284	0.00093311844748758	1.004694443980098
47	MTHFD1	-1.7738822094514168	1.117356494473427e-59	0.107860246687153	0.2191917520719132	-302.82423747916755			0.1088778196086356	1.030252879030972e-57	-1.1308659540040165	2.311612879809146e-10	0.2930393923059541	0.1382824715038997	-57.84048922212253			0.1783962881817564	6.487926815997669e-08	0.6430162554474004	0.2089966871502007	3.076681569527849	0.0005232969446785085	0.0018518264752589012	0.649482282853302
48	ARL6IP5	-1.0339997726000578	3.637415085433359e-16	0.2861087849074764	0.289702692164445	-352.46856567881696			0.1268701921083341	3.681825385895045e-15	0.1566276120625122	0.6688198265229229	1.7732535205643212e-10	0.5352884135041363	-111.44456324420209			0.3661505917893133	0.8493910919039233	1.19062738466257	0.3875078083255484	3.072524886162589	0.0005306403350157085	0.0018518264752589012	
49	ALAD	-1.7371767384713086	4.203855076674991e-70	0.3058420096649253	0.1858289418867385	-280.09311961452227			0.0981463804963585	7.318911688491158e-68	-1.0402654782579237	4.709291581654822e-07	0.4096323218488525	0.1959281722810442	-78.77196427980573			0.2064922832988846	3.420457660244941e-05	0.6969112602133849	0.228630214684155	3.0482027984627686	0.0005755362687521193	0.001968334039132248	0.739792785132173
50	CYP3A4	-1.6715213072331885	1.1243426020441393e-59	0.7359307093626027	0.1856588831374243	-272.9511671331584			0.1025974847622779	1.030252879030972e-57	-0.9466169309566485	1.6356166539884125e-05	0.2482362183800263	0.1549388759370566	-46.04885596374794			0.2196538816497516	0.0005738288427742	0.72490437627654	0.24243364371173595	2.9901145945670913	0.0006971820093682468	0.0023376102667052984	0.8203091143023526
51	UGT1A4	-1.2190163372966658	5.2878417573059535e-24	0.4787676843478131	0.2749956226148901	-354.9714471681368			0.1206434704487178	1.0006665760293112e-22	-0.321383924809986	0.2535594340929438	0.6251972504152066	0.3171624668933152	-90.66235250815862			0.2814845008571698	0.5169419939618853	0.8976324124866798	0.3062488713199131	2.9310554145650936	0.0008445312899819091	0.0027772086651328166	1.9233477868614726
52	APOL2	-1.251638660822476	6.660053371739391e-20	0.3420897177679269	0.3550508379452371	-410.4371519690585			0.13704508905116	9.426953593657138e-19	-0.4496744961138503	0.0661705646151394	0.2036245047674418	0.2654638149799784	-90.89227100125794			0.2447519176672294	0.2355839974881498	0.8019641647086257	0.28050821313256874	2.8589685690579616	0.0010625522358228556	0.003428234572183176	1.4768651595083964
53	SLC25A13	-1.0742902050313698	1.574887442162492e-15	0.3594361339295785	0.3381422667669443	-397.08596656287546			0.1347760716470679	1.5403814813510667e-14	0.00200873017297	0.9954806545904468	0.1930377380899639	0.5858029383758695	-137.93652407357217			0.3546368061141358	0.9984451592199596	1.07629893520434	0.3793835180123811	2.8369680919275337	0.001138604082617345	0.003605579594954926	
54	ADH1A	-1.4060696584095185	7.796219230089392e-36	0.1496986415484434	0.2450164062470053	-332.24408633938174			0.1125166305438031	2.423788871354577e-34	-0.7264557205636046	0.0006388024784247	0.2185972081375054	0.1954391709661439	-75.81764623797164			0.2127510717028403	0.0083390959199017	0.6796139378459138	0.24067199807962245	2.823818073015185	0.0011863828228925732	0.00368857204935691	0.9527212995616778
55	PHGDH	-1.472241982700237	6.532564061615038e-37	0.3873691390892214	0.2575662408954936	-348.66517419652564			0.1159958175443389	2.1458856662776945e-35	-0.7464647047195907	0.001615761756201	0.3398092764541043	0.2572037934981477	-92.2238836644865			0.236743971687057	0.0171805330445327	0.7257772779806464	0.2636337190458413	2.752975911455569	0.0014764060347013386	0.004508311284534445	0.9798688653801503
56	FGA	1.1985855417158198	1.3204500691813532e-20	0.2413531816801082	0.3130253025329303	-377.105566719747			0.1287893814383173	1.9482233647836748e-19	0.2206718653874396	0.5068084764209604	0.7591349766480718	0.4688871998702192	-123.24343510663788			0.3324295727053185	0.7642584849184154	0.9779136763283802	0.35650543555506276	2.743054042937138	0.0015217666644706807	0.004565299993412042	2.4413582664970264
57	CCT2	-1.1898416899663224	1.3746940321708045e-12	0.0804956609543507	0.5364497973671087	-475.0216555783397			0.1679007555244223	1.0780821216258424e-11	-0.1737904383533903	0.6055038631932703	0.0064304693823545	0.5207619994793885	-127.06558421765097			0.3364758478260556	0.8183535358085612	1.016051251612932	0.3760407689013716	2.7019709979356605	0.0017232443656532426	0.005080599767701801	2.7753490189053807
58	SLC25A3	1.3931972365081973	4.722365194135975e-24	0.2512839615173824	0.3486944603174192	-397.5032771709509			0.13773074460521	9.034766816473332e-23	0.4543703252409298	0.1623672183696101	0.389861035207627	0.4609764808981996	-121.37271007930887			0.325211303515189	0.3971925483723504	0.9388269112672675	0.35317439027137	2.6582530815609178	0.0019636721049975936	0.005691320846687941	1.6164589952177724
59	HSPA1A	-1.7831667450941568	1.5827809263278573e-52	0.1931762919947577	0.25376359629556	-338.1681582259061			0.1169092632750695	1.059854458744923e-50	-1.11176357258224	8.073519548951373e-07	0.2753019862091346	0.2236096056762265	-83.50491866898051			0.225346130126877	4.531935640144704e-05	0.671403172511917	0.25386739491844734	2.644700288225667	0.0020440825505066984	0.005825635268944091	0.6815915991903955
60	DCXR	-1.6392290409555672	2.7245309572163493e-49	0.2149279470698972	0.2224991067860441	-308.8097635369911			0.1110724186040145	1.4823151239105202e-47	-1.0356295880735833	2.331265629403424e-07	0.2126794349484481	0.1872292177340963	-75.8728676765507			0.2002852220002426	2.066237536797561e-05	0.6035994528819839	0.22902238389780133	2.6355478561053376	0.0021000394920644427	0.0058869959531642575	0.6625093598760015
61	VARS1	1.2590967958873127	1.5047629994341025e-14	0.0742051940253423	0.5174187442056961	-475.0424757858673			0.1637929063092728	1.3644751989660273e-13	0.5360895933765605	0.0196146098857247	0.3015250788819739	0.2282337742557802	-83.3589968413915			0.2297225464414286	0.1088817086144764	0.7230072025107522	0.28213572000151366	2.5626219980471574	0.002597127075074035	0.007112243530919224	1.231843162985893
62	EML4	-1.027358755677184	3.707721511907631e-17	0.2186022182999917	0.2729976373368895	-351.70975843782617			0.1219881565887538	4.3034287681541244e-16	-0.2197721327412411	0.4500870638002472	0.1322685234308178	0.3738944366467328	-108.6408289388994			0.2909849007822457	0.7165356383034024	0.8075866229359429	0.31552071696035383	2.5595359655493515	0.002620300248233398	0.007112243530919224	2.224859693289772
63	HSD17B4	-1.6325341186546185	1.7439441490223185e-19	0.0743301855340888	0.5927933855149341	-499.49955518418665			0.1808245302985765	2.300156638975649e-18	-0.8506708300452158	0.0007719813691857	0.3102415557718099	0.2671146486681303	-88.68421811452274			0.2529763126233471	0.0096297527830281	0.7818632886094027	0.31095743359213374	2.5143740079709143	0.0029810975236099213	0.00796511994589526	0.9404402539768206
64	EPHX1	-1.392927603936167	7.3575981913931475e-25	2.928413311364421	0.3453039886555397	-417.51922827490966			0.1352903552162061	1.472365339220169e-23	-0.7907886300846839	0.0001150814767465	0.2824967705721656	0.1936203453509778	-76.94866626591482			0.2050601614719004	0.002202240986831	0.6021389738514832	0.24566878116156535	2.4510195027811994	0.003561305868822362	0.009368973901055754	0.8167562438703457
65	CPS1	1.6247876560635717	5.6530987789181966e-40	0.2389407956997143	0.2724209952217158	-350.25882056495175			0.1227823756504422	2.008580606958486e-38	1.001827704391017	7.393365659482035e-06	0.3630115149750051	0.229335151303671	-83.91133031465887			0.2235205853693869	0.0003112606942641	0.6229599516725546	0.2550234574587986	2.4427554934753384	0.003643902128767973	0.009441019151807931	0.697616770927681
66	PHYH	-1.336021479918016	6.9879704319087e-20	1.1820472760658964	0.4136403298333882	-453.864649226123			0.1463677620407019	9.811335904800845e-19	-0.5864769723217125	0.0304209869089837	0.5485814436319701	0.3375132265421631	-108.77750806990878			0.2709444518172571	0.1426990026594112	0.7495445075963034	0.3079519730986595	2.4339655955254087	0.00373360363094849	0.009529048073017788	1.1877968350690644
67	CAT	-1.550457640899095	2.751015305940696e-28	0.1326156007691175	0.3686360421951115	-407.71507418522606			0.1405724925186889	6.560983078962675e-27	-0.7341590575747055	0.0183202372776318	0.445322106090433	0.4269142849331945	-119.47758927624017			0.3112054807244574	0.1042383753895236	0.8162985833243896	0.34148129800306415	2.390463513223102	0.004206780259873033	0.010578815065268952	1.078529545618869
68	REEP6	-1.2944685718184972	2.1452270812748783e-26	0.2333855201144873	0.2834806318528268	-361.5236720508656			0.1217671426743564	4.668550435624454e-25	-0.6633512911905117	0.0053855039134061	0.2840605889182122	0.2621082029220842	-93.0177503333453			0.2383564075221616	0.0431624371416635	0.6311172806279854	0.2676583905689262	2.3579207783716494	0.0045944036097328445	0.011386130684990094	0.9645149523459762
69	SUCLG1	1.4773569353457452	9.483870152016512e-26	0.2409136914289606	0.3721940303426505	-419.8809642229835			0.1408189777066393	1.942519757018912e-24	0.7313333034832898	0.0118811930616141	0.1900484437597575	0.3660833176607401	-107.99978917670028			0.2907130519619601	0.0775501128517762	0.7460236318624553	0.32302331659398875	2.3095039693377304	0.005228907918563008	0.012593566958792598	1.0144174629746963
70	CCT6A	-1.3745521310338786	1.7708035827218178e-20	0.1049402544322768	0.4080484990503325	-424.1779605946588			0.1481945170943066	2.569140864598904e-19	-0.4644866010694742	0.2027125561364249	0.0618482142923749	0.59050421882408	-129.90575833140096			0.3646288499871714	0.4569852001790356	0.9100655299644045	0.39359346175944265	2.312196767436702	0.005191710587896525	0.012593566958792598	1.5652527380464534
71	CCT3	-1.020508476357505	1.8190148849733368e-10	0.0865125410543246	0.4909701949230441	-463.9929829377456			0.1600573741072636	1.2180403518225303e-09	-0.2849787865137347	0.3234807895534327	0.1550526794775535	0.3597734932881208	-106.78072764726886			0.2886357432372081	0.5889098914680873	0.7355296898437702	0.3300438687208233	2.2285815903640924	0.006460439270293328	0.015343543266946653	1.840361729603365
72	EVA1A	-1.2147226767337695	5.167066556988902e-17	0.0934088668853681	0.343412526538876	-332.24065767679394			0.1449060604841115	5.803782500463018e-16	-0.31245723328268	0.4119411524736841	0.1432342963773118	0.4918576187717748	-99.48785740922465			0.3808213671172245	0.688203274569131	0.9022654434510895	0.4074588077561422	2.214372167875879	0.006700796964552669	0.015696387410116527	1.9588963381590838
73	SCP2	-1.0259622040600318	5.576164257571063e-13	0.2124500439690578	0.3715894967880638	-401.8095124905492			0.1422879637716706	4.579293383222274e-12	-0.3647459573899761	0.1696234955596387	0.467225877626152	0.3202749716464556	-103.88718048952586			0.2655760024276435	0.4078933018788184	0.6612162466700557	0.3012913501907016	2.1946074663329718	0.00704794187681651	0.01628646028291383	1.4920136903136398
74	TCP1	-1.3978348194164332	2.4601243209443398e-22	0.1122843618492883	0.4028740119111669	-432.7805435680625			0.1437993732376861	4.079120421680092e-21	-0.6597723071162372	0.0316867217658198	0.0403496686983871	0.413046771833366	-114.49263081065033			0.3071078957634782	0.1453962927892113	0.7380625123001959	0.33910694387438123	2.1764889384677533	0.00737967997706529	0.016825670347708863	1.0831537596421583
75	EEF1D	1.0767747238578056	1.45163499255142e-15	0.1282088026811231	0.3475416309865918	-403.6392801745985			0.134917427564276	1.427851142390973e-14	0.4539455082951111	0.0746401887751388	0.1843943473338557	0.28765954436503	-95.862064075038			0.2546437336391734	0.2534154796317214	0.6228292155626944	0.2881772776300379	2.1612710782918936	0.007668601415017795	0.01725435318379004	1.2461254180895236
76	APMAP	1.530541536237887	3.361269766334907e-40	0.242139108884359	0.2550185780840746	-345.879381608364			0.1153204110698755	1.2191605548310566e-38	1.08939819543803	4.0473719456339934e-10	0.3496945728442509	0.1359608034440008	-56.30496365076067			0.1742426633516905	7.573082618275163e-08	0.44114334079985684	0.20894808671346005	2.1112581011800153	0.00868753331810257	0.019045746120455634	0.4905108151295608
77	PSMA1	-1.135684552616346	8.26298417726136e-17	0.1818620376993197	0.3577893560161475	-409.0638203264398			0.1363790766854859	8.991159657882517e-16	-0.4690774694602422	0.0987824655959854	0.0493344424914179	0.3632669587090686	-107.69630751426833			0.2841541713407808	0.293904014246713	0.6666070831561037	0.3151870010770613	2.1149574090243726	0.008608394374942041	0.019045746120455634	1.275664055299866
78	COX2	1.3231654269840285	2.8188478203381404e-19	0.087139005045555	0.4037187047839785	-423.8692310536378			0.1474185169700617	3.689935379856167e-18	0.5801695278236331	0.0710983784601406	0.1462140589213159	0.4611344615900089	-121.08693790978587			0.3214505255691974	0.2463573442939851	0.7429958991603954	0.3536419934543487	2.100983234210583	0.00891060950498207	0.0192875218398979	1.1894470157714012
79	CNPY2	-1.0905722189673677	1.0678702800597622e-11	0.228190365980552	0.4104234818705864	-361.38123893088914			0.160448000412941	7.945137425572846e-11	-0.2107405462754019	0.5880220440501521	0.0368296359478659	0.5469340188857694	-104.83634966574029			0.389032250531519	0.808770492447234	0.8798316726919657	0.4208202143316427	2.0907543001215774	0.009137523663844072	0.019531456831466704	2.371545491003053
80	PSMA5	-1.0221070815575566	1.6549630912887105e-13	0.1885471712767814	0.3621374971699993	-400.6253277990143			0.1386082707920247	1.3986848261813813e-12	-0.0686838835160851	0.8758094773377555	0.0420784318024413	0.8715080236928945	-156.9907925456901			0.4394823287320057	0.9544394688666296	0.9534231980414715	0.46082205893344774	2.068961716477131	0.009637419834962302	0.020345664096031526	3.895430924292771
81	PSMA4	-1.0425578740226586	1.1745014905410466e-13	0.3201860364987904	0.3738512438268548	-416.9088114613705			0.1405135052785263	1.0023564191333147e-12	-0.3371936233502342	0.2905289243392491	0.1190374789109968	0.4486101932031386	-120.34113440443532			0.3190215155073064	0.5547060188064576	0.7053642506724245	0.3485954281430509	2.0234466482531395	0.010756779720278109	0.022012193446592356	1.6284783132319027
82	NDUFB4	1.1431954239556164	1.1254090089740842e-16	0.1209153905666586	0.3706101136063604	-414.8474472411958			0.1378881345501233	1.209467336187581e-15	0.3447220899901363	0.3517477083961087	0.1136325384275111	0.5823634215719882	-131.0589832933582			0.3701893957452928	0.6174637242743342	0.79847333396548	0.3950358545397847	2.021268005902144	0.010813007307098	0.022012193446592356	1.729566391150848
83	FBP2	1.227730276742108	2.2323344220245147e-28	0.2846192335182536	0.238092299231667	-328.8600122007517			0.111123213545261	5.397908651034278e-27	0.6605870718569044	0.0102343846268249	0.2083105489482335	0.2877744255022004	-97.67516670102214			0.2572571977795863	0.0700597711852571	0.5671432048852038	0.28023139438333966	2.0238389283014664	0.010746681842987327	0.022012193446592356	0.8941730056139813
84	ACOX2	-1.3286768633090515	3.659746352729859e-15	0.1995106317010695	0.5303475205398709	-485.65774747580826			0.1689125510246593	3.444118054109559e-14	-0.513928805249625	0.1637831133103318	0.2941351632087362	0.5671804413472307	-130.89796986946027			0.3690797330252747	0.3985704664950849	0.8147480580594265	0.4058956752955939	2.0072844024910723	0.011179847246060248	0.02248882818241884	1.3703498598605603
85	IQGAP2	-1.435170402143197	1.4493199233754902e-38	0.2419029997959718	0.2338542502385425	-326.9058607468708			0.1105079248015571	5.046531973193457e-37	-0.7812917199068805	0.0110026189828312	0.1576512684379585	0.431605556160877	-118.627097337049			0.3072787372783524	0.0741037263688749	0.6538786822363165	0.3265458985002343	2.002409723225623	0.011310170898760352	0.02248882818241884	0.8772888128681571
86	ALDH3A2	-2.0471164711704914	6.153091031703187e-79	0.1812297301102343	0.2174359327099028	-305.0353654241308			0.1088263067631828	1.5303616408850355e-76	-1.5703230287430971	3.396463038201203e-13	0.3240771741720806	0.1877450992875943	-72.96248615928619			0.2157729064220109	2.859821878165413e-10	0.4767934424273943	0.24166322059741785	1.9729665161653847	0.012124844333821438	0.023831590587166274	0.3825318229373234
87	SLC27A2	-1.48200518076656	3.928673661950235e-34	0.7586622898374503	0.2835200511665129	-371.4131686898226			0.1216661991601507	1.15569154063477e-32	-0.8757953567566087	0.0020909437905729	0.291641820305411	0.3774669033159622	-114.0803582717274			0.2846262537252316	0.0212117430320778	0.6062098240099513	0.30953960704203487	1.958424092486585	0.012545067507134855	0.024377347087727957	0.758884784876765
88	XDH	1.4009616262893203	2.4045773320865126e-32	0.1175912667981302	0.2679409403171687	-347.1810186725097			0.1183175362384187	6.440567900250183e-31	0.7660415663216167	0.0116105974079254	0.3592642190473725	0.3852040733015442	-109.70929251928604			0.3035314256837408	0.0769773465942771	0.6349200599677036	0.3257765580257944	1.94894336110406	0.012825547256065384	0.024642343604350345	0.8709228577537335
89	ACO1	1.2046306661370232	2.27020641698362e-29	0.2495062842273068	0.2161712278181859	-307.2012254546444			0.1070615482543896	5.566801932349976e-28	0.5603027495811376	0.085292874615687	0.2777490378913742	0.4698280396229276	-124.04567631919434			0.3256119638437382	0.2684732726220877	0.6443279165558856	0.3427613252874409	1.8798151046228737	0.01503332029076826	0.028563308552459695	1.1043124135593307
90	NDUFA4	1.0985497588901365	1.4309165869151964e-44	0.2928508021929422	0.1175218035581462	-181.33676712678744			0.0784337878730142	6.387758404665018e-43	0.6167157918857838	0.0158160100926535	0.1592039794799074	0.2938808542673406	-97.64400123927705			0.2555663423321233	0.0961522057618358	0.48183396700435266	0.26733128214469964	1.8023852769446866	0.017871202496050398	0.033582149745325474	0.8329225240547125
91	PRXL2A	-1.119545858401822	1.6921457264702126e-26	0.346873307063286	0.2061969155647261	-299.5014656599833			0.1050941371842661	3.776956038185436e-25	-0.6540053915630453	0.0058993034823028	0.583545346196313	0.2419461961301354	-87.44520929991933			0.2375328164209118	0.0462066375078974	0.4655404668387768	0.2597433667052076	1.7923093580562386	0.018270856274722358	0.033959961119320904	0.7755391901774424
92	CCT8	-1.347677153483327	2.446080106364914e-18	0.0226946679704173	0.4630026942175221	-453.97681769596966			0.1542925194525424	2.97805976586106e-17	-0.807946163647219	0.0023716097830289	0.2250691670008181	0.3188417636165826	-103.4557820060988			0.2658365742635122	0.0236318986663945	0.5397309898361079	0.3073682901263125	1.7559748587413044	0.019773175376690655	0.0363571289184312	0.7381438597774473
93	HIBADH	-1.11120742701491	5.652057091035917e-19	0.2471125857053347	0.3002152031885586	-376.23456399836505			0.1248734473139199	7.182650653644916e-18	-0.5354007728914271	0.0804369579799173	0.2387178846590958	0.4365653000048763	-122.90365633886336			0.3062659546740017	0.2635327572727254	0.5758066541234829	0.3307449362219171	1.7409386843556656	0.020423581729576146	0.03686799122755685	1.0534370203221117
94	HSPB1	-1.228719293143229	7.241256247590221e-30	0.2981708169894225	0.2132308594067509	-300.173007206414			0.1082372951247	1.8271053807325475e-28	-0.5970629207661463	0.0849526261798695	0.1444764847010991	0.5084892447942579	-124.14079783089738			0.3465964832415953	0.2684732726220877	0.6316563723770826	0.36310388906117885	1.7396023325728018	0.020482217348642695	0.03686799122755685	1.0412004813870988
95	NDUFV1	1.179926899378196	1.4296973967755918e-15	0.1766809399951984	0.4267439703666159	-450.4833698963032			0.1478073594305349	1.414263163514946e-14	0.5593039164340156	0.0921602051467422	0.0189132981522783	0.5044068007737661	-122.62886591571656			0.3321063117616025	0.2816656723541086	0.6206229829441804	0.3635128853475789	1.7072929405260597	0.02194190439794047	0.039084017208831465	1.0769931446161547
96	CPOX	-1.082899682748086	1.5094815402307088e-11	0.1539254040356557	0.4780746325591101	-462.81735644947184			0.1605012567371388	1.0995846701011147e-10	-0.4309274439383438	0.215983797722256	0.2830229450099722	0.5016290096319107	-121.060836957892			0.3482866057626835	0.4746481426572251	0.6519722388097421	0.38348952158812877	1.700104441210694	0.022277820515502478	0.039273271218050756	1.3293827156924192
97	MYO1B	-1.2688141613206414	2.294191521155403e-23	0.2426371360848779	0.309343115080723	-379.7951696922985			0.1273985212872036	4.249135572693145e-22	-0.663898020913742	0.0523790639673167	0.1407210524035981	0.5203380535333204	-123.13441846537025			0.3422145661901196	0.2004689630021851	0.6049161404068994	0.36515913317190607	1.656582255391988	0.024400990582981896	0.04257723867030515	0.9344472219696689
98	ACSM3	-1.026147951009191	9.2001763304519e-17	0.1881364230369714	0.289092878221857	-365.8387586556687			0.123414034524463	9.948762106407925e-16	-0.5710164650620485	0.022181680846698	0.2131918183891177	0.2703249005345331	-93.4866811128075			0.24965280257474	0.1174652532888034	0.4551314859471426	0.2784915541825774	1.63427392720413	0.025550336437390297	0.043691075307937415	0.84563450420299
99	SORD	-1.761169937313214	3.772455189627355e-68	0.1869408593248993	0.1877126562037495	-273.6809501223381			0.1009569122259765	5.473203737617687e-66	-1.3047255722070024	5.349130730585763e-07	0.2179205357190943	0.3098393302587278	-103.5358652881389			0.2602504026326637	3.5457887898616e-05	0.45644436510621156	0.2791461448715835	1.635144792403245	0.025504674540101024	0.043691075307937415	0.43278773191212033
100	SLC2A2	-1.129984102293894	1.2332464539116089e-21	0.1372969758939314	0.2734746296180236	-356.30560615642185			0.1182583344226365	1.951892796600101e-20	-0.6899586353747998	0.0045157290707291	0.2190637500984353	0.2723682272861402	-95.53508602399565			0.2429696403815868	0.0389085100018155	0.44002546691909405	0.27022079825130735	1.6283922990630317	0.025860432371679565	0.043783504312447576	0.7117206988857635
101	AGXT2	1.0013757022179577	2.286055343086749e-45	0.2703306957986375	0.0942563197916907	-134.64423867788196			0.0708398195306123	1.0756817168416296e-43	0.5612631104487396	0.0340254537491757	0.4549011913995687	0.3057247003082296	-101.29549506758616			0.2647754866825533	0.1532055190203529	0.44011259176921813	0.2740881945270768	1.605733484904765	0.027083120178186093	0.04496323835407594	0.8352342098012994
102	SPRYD4	1.6089815747645029	4.6440059680599325e-57	0.1506473643513148	0.1985454920899346	-288.9066176250408			0.1010701385703657	3.6750974501783365e-55	1.222280315565777	2.065373969034973e-08	0.1953492493927807	0.2049875107263606	-76.97426168643875			0.2180138504235804	3.1618997853226307e-06	0.3867012591987258	0.24030233433562026	1.6092280595936128	0.026891620748285106	0.04496323835407594	0.396572616964665
103	TUBB2A	-1.0033533178047234	1.2024178556606449e-15	0.9690773112512562	0.3013494917808051	-385.6859050930784			0.1253532895193956	1.1962339924029615e-14	-0.4455106757706024	0.1728686946929704	0.1790995850298086	0.4593053391221115	-120.07000113338154			0.326849851028417	0.4129232366850526	0.5578426420341209	0.3500632404446828	1.5935481866804908	0.02775931685043309	0.045409217794467424	1.1712978131199585
104	NDUFS3	1.24480927195598	8.171742923859832e-20	0.1898662257358107	0.3678089500924936	-420.65118740955313			0.1366288935753335	1.1114847211281224e-18	0.7010862384872912	0.0251759842099749	0.0542081698707909	0.4531445952563738	-120.98081296056728			0.3131678401802031	0.1281062254845399	0.5437230334686888	0.3416746269226807	1.591347412495253	0.027882853031690524	0.045409217794467424	0.828260889588021
105	CKAP4	1.2056689977434605	3.941572803904695e-23	0.3275250840947939	0.2870453090890614	-371.8883082712728			0.1217176345594104	7.074513661441313e-22	0.6590046457024491	0.043358975538348	0.5235445917604815	0.4777681002551011	-125.86803391813692			0.3262019091193812	0.1808377585018143	0.5466643520410114	0.3481707455773204	1.570104206011215	0.029097717561717418	0.0469406575759781	0.8714733458571089
106	GPHN	-1.2983289709064052	1.259698937019287e-23	0.1473266244949293	0.3184198061392604	-379.2563897916807			0.1295887230637409	2.3582105906995473e-22	-0.7779487993705297	0.0120475718515647	0.0402953029660286	0.4239746659535523	-112.92383958480974			0.3098474429554317	0.0783324748958883	0.5203801715358755	0.3358551399804839	1.5494185128925348	0.030320286571226263	0.048455785081118606	0.7389088674667186
107	COX7A2	1.2709708394642596	9.475053232365411e-23	0.1405217974274458	0.3187590440126036	-383.5307728019754			0.1294609673927724	1.6332740274800177e-21	0.7949722132609306	0.004644067999029	2.363209977682201e-10	0.3504124826811284	-104.20877271608832			0.2808356289456943	0.0389085100018155	0.475998626203329	0.30923905407240554	1.5392578005101458	0.030935342932431775	0.04898095964301698	0.6769545904959521
108	SELENBP1	-1.2354222562125048	3.9344184696763392e-31	0.396744219398309	0.2150391165518549	-309.75115330171			0.1064655737227586	1.0378519023797736e-29	-0.841427189936765	0.0003815088863017	0.3008439587508857	0.2494915595654565	-90.35940416423784			0.2368512605051509	0.0056356224958961	0.39399506627573977	0.25967949089405384	1.517235977778796	0.03230177894425679	0.0506752678850267	0.5540938829627826
109	CNOT3	-1.1334481697538117	4.600454992482351e-22	2.2500071672797954	0.2073303638029308	-251.79828796024708			0.1173731601250077	7.348066185240158e-21	-0.7144575080951087	0.0081362248373319	0.2833087752799068	0.3149026972351707	-97.9235748145138			0.2699770502336494	0.057811825426443	0.418990661658703	0.2943876124611787	1.423261862670787	0.0386650645457291	0.059005924487573545	0.6657983055022677
110	CYB5A	-1.2050748357330567	4.4441275973725713e-23	1.1409277805180378	0.2807181683794145	-371.20556234904006			0.1218052392293634	7.895128721454741e-22	-0.8054095135132143	0.0015199870169269	0.2302744574487954	0.283874004031965	-96.27604094639202			0.2540050734195928	0.0165139234613224	0.3996653222198424	0.2817003614243602	1.4187604169161037	0.038992219105823456	0.059005924487573545	0.5813283226609992
111	CHDH	1.318575579520425	2.715448069222273e-50	0.2895009889667266	0.1500458288063306	-232.35152497845772			0.0884182416096064	1.5758650295053258e-48	0.8936643875506746	0.0016239635613717	0.95728291937423	0.330807484706463	-100.45490212698463			0.2835618313635804	0.0171805330445327	0.42491119196975047	0.297027099194	1.4305468865392124	0.03814002975673736	0.059005924487573545	0.561175228211667
112	ALDH1A1	-1.1264336826421553	3.641574394297472e-33	0.6500774204358133	0.1675856298961279	-261.5652522218454			0.0938854264442111	9.90622034448734e-32	-0.8510100510509369	4.87476151103792e-07	0.3363369352470784	0.1201252059076619	-49.896946509886334			0.1691472868171339	3.420457660244941e-05	0.2754236315912184	0.19345613956710997	1.4237006497055313	0.03863328639301844	0.059005924487573545	0.40451430282056633
113	PSMA7	-1.2028525233896183	1.6068011511526205e-18	0.1588347834318368	0.3483255646803415	-392.67742907099273			0.1369688985757731	2.012547341119937e-17	-0.7524125153032704	0.0108967117450628	0.0929174176345068	0.3750220948480302	-105.4775777475063			0.295528021072764	0.0736950304364891	0.450440008086348	0.3257257902227646	1.3828810048424198	0.04167533889085229	0.06251300833627843	0.6768640193428785
114	PSME1	-1.840293192389619	1.666578728410868e-44	0.1255590301347938	0.3338237609651909	-396.8637892390532			0.1314941888141515	7.253783915408303e-43	-1.3194187079873896	0.000217637565623	0.1411694720673432	0.5760572383161849	-136.57875791891377			0.3568299914286945	0.0038177256303037	0.5208744844022295	0.3802872131361951	1.3696870849446225	0.04269615048893827	0.06348731942268211	0.4800331662308017
115	ACAA1	-1.0793078256876525	2.19716233034665e-12	0.2345395054356681	0.450793937497347	-455.41003564918833			0.153717736188224	1.677745446111192e-11	-0.5910734470662211	0.0699724485316354	0.253878795512465	0.4761339958511647	-126.7730623582538			0.3261834561671282	0.2434578581142026	0.4882343786214314	0.3605895027534291	1.3539894392191605	0.04393493675408677	0.06476615676680034	0.8686970730010778
116	TGM2	1.290850216186374	1.8974731205136525e-22	0.5867877954148286	0.3396362629748731	-410.9629397748329			0.1324338065459109	3.207282235742009e-21	0.8963875170604697	0.0008073577668935	0.3573684035280883	0.3001036629027283	-98.24791664018515			0.2675576078546295	0.0098853841349711	0.39446269912590426	0.2985394222496109	1.3213085767818338	0.04659962383846111	0.06810714253313548	0.5261271438517777
117	HTATIP2	-1.025284166870979	4.506258922061042e-13	0.5158005682543702	0.3518123224196092	-385.4458148396866			0.1416252886935782	3.718197527634253e-12	-0.6073146506699016	0.037216247670912	0.2369309074144031	0.3639870792342842	-104.27092769787916			0.291503961638874	0.1623631116005593	0.41796951620107725	0.3240868433748854	1.2896836904841387	0.04929012614809836	0.07142891162139678	0.7555077434126102
118	SOD1	-1.0214269982084658	3.2797062263424925e-26	0.5165811479125887	0.173054452815116	-259.5043444585997			0.0964426694960427	7.049343876620099e-25	-0.6202122167090355	0.03900015236596	0.7721418738222205	0.4124208407575893	-117.42374552788748			0.300463442832493	0.1671422982428088	0.40121478149943035	0.3155621475688707	1.2714287331051521	0.05089404151547461	0.07313345461467359	0.719752248758316
119	DHCR24	-1.0612954559495626	1.2830982654838931e-16	0.3246636423615014	0.2991177815697618	-352.8780526846672			0.1282511301741279	1.3704748958327962e-15	-0.7225559763381852	0.0026323893692658	0.2549134970687444	0.2256044223170698	-73.38197169626912			0.2402359491214253	0.0254766879186423	0.3387394796113774	0.27232639174566453	1.2438731238643166	0.05338656557695398	0.07607585594715943	0.5546450841406048
120	AMPD2	-1.3155595545077865	5.333737823459332e-17	0.0881752643469516	0.4108189677547791	-387.8468348873778			0.1570050176652081	5.952588173488908e-16	-0.8701274437879639	0.0079974203255472	0.0269296717645793	0.4328019453603282	-102.40160528266064			0.3280802475910422	0.0570663382551764	0.4454321107198226	0.3637131073132392	1.2246798417858635	0.0551739680406893	0.07797312838808157	0.5963779330015748
121	HSP90AA1	-1.1197882335055616	1.8661212246804127e-27	0.3976895855505122	0.1970330701112459	-288.43443469524186			0.1031486003224103	4.2748908581165767e-26	-0.7838703462012276	0.0025775454010774	0.1808332164423744	0.28980000052967	-97.0351259694026			0.260068985442953	0.0250900951180028	0.3359178873043339	0.2797776097864145	1.2006603657840151	0.05747074359994975	0.08055325537370006	0.514538971312459
122	KMO	1.1274004620890208	3.821249175219135e-22	0.3354134312813431	0.2504159991470699	-332.9155358659209			0.1165176528329604	6.159995198200476e-21	0.7132475897175506	0.0291532504198925	0.1846647535763136	0.4175366709280501	-100.90403383922012			0.3269666109037358	0.1394718003042584	0.41415287237147014	0.3471073725341731	1.1931549288273797	0.05820217563759178	0.08091521978884711	0.6605251922924139
123	EHHADH	-1.3373437250170872	1.0304558447044956e-14	0.1365981371915749	0.5395909831817982	-479.08411232974754			0.172885267952506	9.44222960858172e-14	-0.9680905227344272	0.0002348985385801	0.3195321949734487	0.28968835208439	-94.55517271187333			0.2631978082279907	0.003955691389689	0.36925320228266	0.3149006226272472	1.172602325146085	0.0602388291415929	0.08307128857429344	0.4661564553261958
124	GLDC	1.3752801922374918	2.781859630143527e-37	0.3348076895893297	0.2129402141192087	-301.9104023748428			0.1077900739554341	9.313880030922848e-36	0.8950727521406465	0.0330587961817704	0.3638300043301085	0.6227715603471314	-127.7064071249304			0.4199521358770607	0.1500566381943436	0.48020744009684524	0.4335648699687547	1.1075792190715357	0.06701089556270712	0.09167090512978333	0.6196487200419301
125	AKR1C3	-1.525209825213509	5.921724600027296e-34	0.6062747795084346	0.299822848238442	-381.627344317485			0.1255585161897211	1.6628584723625032e-32	-1.2765944990706035	9.795020825808353e-12	0.3116985199672887	0.1408356077514573	-57.51840063135802			0.1874730470936214	5.498271690220422e-09	0.24861532614290538	0.22563484742905215	1.1018480920642328	0.06763192962629028	0.09178619020710824	0.256707393617841
126	SHMT2	1.4085060542397798	5.410236812749567e-20	0.321806700324839	0.4480303651898041	-454.02665496795			0.1538424702769251	7.720674009013932e-19	1.0271322539372152	0.0011383743504534	0.1606579268350928	0.4554701086486347	-119.50463678601623			0.3156631320731347	0.0130409687494127	0.3813738003025646	0.3511562595357341	1.0860515509727247	0.06936404638988186	0.09339568450921101	0.455543809346638
127	GDI2	-1.3868843030727678	2.6556300238628038e-21	0.1324642070522786	0.404162328659178	-428.4981822209813			0.1463657563755408	4.1652719563469753e-20	-0.9483544241487666	0.0162065287795248	0.1906967781691905	0.693527012468575	-138.53717612056312			0.3944522901780724	0.0971238237178644	0.4385298789240012	0.42073215216585286	1.042301798582611	0.07431794468901487	0.09928412923298081	0.5483492030877528
128	BCAP31	-1.123166280151025	5.5762330630275015e-14	0.1996189425102864	0.4139550907978226	-435.8643374199135			0.1494035699844359	4.903142304409535e-13	-0.7921389712979071	0.0054081200931656	0.4702125659572428	0.3462159011283161	-107.213696541814			0.2847717470952913	0.0431624371416635	0.3310273088531178	0.32158416420557584	1.0293644578888697	0.07582711104704681	0.0996429371302888	0.5037460674278511
129	COX6C	1.4743783574695797	2.769740838128434e-34	0.188738131911725	0.2819368714744413	-362.2895873743805			0.1207577884139904	8.313997929623456e-33	1.1355649278650015	0.000223652012212	0.0304059148836627	0.4153814404791188	-113.50890670611945			0.3076841550898933	0.0038798923768774	0.33881342960457816	0.33053287696690564	1.0250521301047508	0.07633464774308674	0.0996429371302888	0.3766966018313979
130	GLOD4	-1.169115250050046	2.910727572359419e-15	0.1895524019526603	0.4178068421799859	-441.44318065306106			0.1480890920279294	2.769167597528824e-14	-0.7717835959503543	0.0302093931658499	0.0601180961344651	0.5824949003734893	-133.8276285559014			0.356098129642636	0.1426990026594112	0.3973316540996916	0.3856633987204906	1.030255023987012	0.0757225765049862	0.0996429371302888	0.5991488708858086
131	PGRMC1	-1.1802398853148328	7.305556789803659e-20	0.3018877226459504	0.3206162155909388	-393.7693781513369			0.1293693463584957	1.0175179496838536e-18	-0.8348330334881323	0.0079660347878619	0.0356520159156629	0.4621634749287172	-123.7077737634487			0.3146150884510762	0.0570663382551764	0.3454068518267005	0.3401750750103584	1.0153796594773523	0.07748122130144353	0.09983509843738267	0.49952052635745925
132	COX5B	1.2084538764579358	5.1084172734620754e-36	0.2170688127312617	0.1734128458733103	-256.105777088105			0.096443905103808	1.6469915690921247e-34	1.62477456185153	4.678817999633428e-05	0.0181249625235458	0.6737702702917225	-139.510915969125			0.3990979481842248	0.0011938075017246	-0.4163206853935941	0.4105856781191113	-1.0139678697531653	0.07764952100685318	0.09983509843738267	-0.42707714725191276
133	DHRS7	-1.143530343740695	3.807167003494179e-23	0.295824937829346	0.2550421299079584	-342.6247640449351			0.1154040656731141	6.9044559927951735e-22	-0.7984521159992042	0.0161519542722116	0.1990775659296384	0.4908486796703333	-128.120969869899			0.3319327159533343	0.0971238237178644	0.3450782277414908	0.35142200599000817	0.981948261234677	0.0815313345092526	0.10404371791852383	0.518216852949303
134	SLC37A4	1.0884817524516022	9.757287849467406e-20	0.248246196282311	0.2717041519452599	-353.1042869416005			0.1197236110921717	1.3168556702265701e-18	1.3534233816541414	8.952580547420022e-08	0.3534693520797781	0.2566138041945806	-84.50598097186543			0.2531280202099546	1.0768675458468084e-05	-0.2649416292025393	0.2800134597985618	-0.9461746210097721	0.0860148820974842	0.10895218399014665	-0.3142959957102401
135	BDH1	1.193060688526399	5.067677235849294e-16	0.1903937440300031	0.417383468923523	-440.2695038672914			0.1471123069880976	5.0705896940308176e-15	0.9714963033607936	9.661467430512654e-05	0.1882855271531855	0.2791629239057985	-93.47171760240737			0.2491693335937057	0.002005663847783	0.2215643851656054	0.289356851778028	0.7657132838021485	0.11096173030975243	0.13951805796299754	0.2963870204717885
136	UGT2B4	-1.5103398184903802	6.60073557616068e-36	1.213547392093493	0.2770282211280097	-371.1762642179722			0.1207327308326762	2.0894328432901355e-34	-1.284635702097025	3.771951461914056e-06	0.3036184128732958	0.3105033607952165	-99.8156468889436			0.2778451020422381	0.0001764435072739	0.2257041163933553	0.3029427223472733	0.7450389124536326	0.11406204911907747	0.1404952074358118	0.23351388790944003
137	PDZK1	-1.1435279880013227	2.3969926724243726e-14	0.0995654178757581	0.3834146428224787	-382.41904366236986			0.1499254272416295	2.1291654299443025e-13	-0.8379980972810216	0.0259962747233691	0.0113790003889356	0.5203422114920668	-109.5478209863778			0.3764139436479599	0.130290853077838	0.3055298907203011	0.4051729145762271	0.7540728408261366	0.1127013711275705	0.1404952074358118	0.44847280301125747
138	NDUFS1	1.215539902785837	9.333060784584425e-28	0.2344403438327404	0.2352282766351676	-323.6856789635583			0.111321497255451	2.166514510128197e-26	1.4603468016577767	2.3931349564289097e-06	1.1432421023477015e-09	0.4299262790441277	-115.7689000281208			0.3095903749644493	0.0001221224020189	-0.24480689887193985	0.32899646809931515	-0.7441019056716416	0.11420370662911017	0.1404952074358118	-0.2647137657291392
139	RAB7A	-1.2385209799398602	2.656465665656193e-24	0.1275040788866955	0.2870047503979455	-364.4077922880158			0.121763246389666	5.138785248786036e-23	-0.9824587353735326	0.0037024270676532	0.1329201741636428	0.5208970995405636	-127.56329468393824			0.3384915690133328	0.0333416426841075	0.25606224456632765	0.3597260491880709	0.7118256938697647	0.11914317998489143	0.14552488412440312	0.33414958877170736
140	PFKL	-1.1422323269712176	1.8686618329641884e-14	0.0824795085263298	0.4309624305749494	-443.0765415744195			0.1491290086546625	1.668379615995206e-13	-0.902056752377814	0.0068900265642419	0.1813784353456262	0.5141613171395797	-130.59209256473065			0.3338337923447657	0.051113677243099	0.24017557459340355	0.3656288584529544	0.6568835283123775	0.12781395255661132	0.15500841054737968	0.340566013052153
141	MGST2	-1.1549170147041938	2.6365084227399973e-23	0.4136017475461155	0.2519709952936975	-339.27028515409484			0.1161237216874137	4.831748593674037e-22	-0.9620596203347612	0.0005157044138625	0.6964262342904239	0.3436614240018029	-107.4095398286625			0.2770538888915468	0.0071184117454466	0.1928573943694326	0.3004056858457667	0.6419898272779324	0.13021994702110606	0.1568141615535855	0.2635909841555222
142	CCT5	-1.2656476744180782	2.738864151167216e-17	0.0907660146986756	0.4126944924243728	-427.6181412916055			0.1496533684355387	3.221866545393326e-16	-1.0502631649393004	0.0005733904020052	0.0138387504305336	0.4137609170553204	-114.60324489471084			0.3049634276679536	0.0076634082299755	0.21538450947877785	0.33970402249471565	0.6340357935624042	0.13151436574903452	0.1572654303712231	0.2691249794156247
143	SLIRP	1.0239121665695674	1.0803333621617586e-11	0.1487068328715443	0.4296907770521928	-438.7442982296191			0.150677866344312	8.003661206483497e-11	0.7954349378507553	0.0267532078016013	0.1262596344112224	0.5541021070780734	-128.54215046319888			0.3590966417337315	0.1328979408197543	0.22847722871881215	0.389428064615942	0.5866994433083265	0.13935139543129066	0.1643385421982807	0.36427612702942314
144	RPS3	1.033907993320666	3.085127560561046e-15	0.2630000563759078	0.330161253708883	-398.1738623731813			0.1310832677120609	2.919134284204772e-14	0.879407392094238	9.644804551059744e-05	0.3281016488807717	0.2328431634791855	-86.69830822404327			0.2255261947905083	0.002005663847783	0.15450060122642806	0.2608541500738643	0.5922873037775291	0.13841455406441178	0.1643385421982807	0.23350424236623674
145	CCT4	-1.093205059715751	8.910727560442634e-13	0.0617132710677433	0.445190985750575	-444.1660762510808			0.1529736272245311	7.1822114271901044e-12	-0.8754982014311347	0.0157097025617369	0.0070201375573951	0.5895517880149103	-134.04957421903788			0.3624364608930531	0.0961522057618358	0.21770685828461633	0.39339689730717425	0.5534025808917993	0.1449969430111243	0.16982518667741273	0.32038792226869595
146	SSR4	1.0629098221522664	1.4469111778774106e-20	0.2695023525861946	0.2548857626827847	-343.44318085441387			0.1143303114493697	2.1168675299870354e-19	1.2309107231792682	2.4546225800522965e-05	0.1977923645592108	0.3798380512372092	-112.90357675487007			0.291758842288532	0.0007654785971866	-0.16800090102700183	0.3133602434414014	-0.5361270440116253	0.14796768764132456	0.17212567746031632	-0.21170692524607188
147	SSR1	1.0430848635228265	7.79918154643585e-20	0.2097318705025719	0.251576558823443	-338.3997480967655			0.1144242863982051	1.0691633915232136e-18	0.8885416790115295	0.0011616917541633	0.0788217209961554	0.336968791901889	-104.16254269090727			0.2735554562664266	0.0130419260934066	0.154543184511297	0.2965223515535908	0.52118561619921	0.15055936830778577	0.17395710797723898	0.23134518197258758
148	RPL6	1.1455333172561095	1.2745956816399017e-20	0.1878631247039484	0.2894009668581366	-363.5634418836989			0.1230392215490133	1.8966419502009136e-19	1.3127643792160304	5.775203651752908e-05	0.0781330263066362	0.4868845490101189	-126.45093325451546			0.3264111386228724	0.0014102365467278	-0.16723106195992088	0.34883073467867937	-0.47940460898310316	0.15791270381408795	0.1811265348286924	-0.19658857884245548
149	PRDX1	-1.032086201939811	4.0159863493048734e-19	0.6102614603978931	0.2569746940376091	-345.8121156349944			0.1154907695534233	5.179134988251691e-18	-0.8750382131722108	0.0048406567833119	0.151821837196658	0.4421787812640428	-119.89937922686936			0.3105780197752494	0.0403547822925613	0.15704798876760018	0.3313560384534393	0.4739554151498219	0.15888292528832665	0.1811265348286924	0.23814554627550596
150	LRPPRC	1.197959825659138	3.633987518807003e-16	0.1351698950011339	0.4139373873322161	-440.5141122817429			0.1469857840031307	3.681825385895045e-15	1.018267805703722	0.0071869098991319	0.0548090969975516	0.5702454050620012	-126.70980196473931			0.3788118167503495	0.0528504640617385	0.17969201995541595	0.40632894704748185	0.4422328787085354	0.1645801740731347	0.18637887262586775	0.2344624853327652
151	ATP5PO	1.2273104377714488	3.001080558217096e-19	0.2910986485995676	0.3581680527524167	-406.62540941568136			0.1368441503297922	3.8991651133253465e-18	1.379764606524979	4.149203692912285e-05	0.0499447040767507	0.4700325588216125	-115.4542352605761			0.33660919766694	0.0011269772611071	-0.15245416875353013	0.36336217942084154	-0.4195653190888632	0.16870075702435927	0.18978835165240418	-0.16892194569136298
152	COX4I1	1.5238132661912709	8.89337852901396e-30	0.2838355302022365	0.3455362269474806	-404.5741012623778			0.1344449247872295	2.211910288430472e-28	1.3772263830073297	3.951937044151006e-05	0.1162943955843669	0.4956674299011018	-126.8532655133228			0.335069420585119	0.0010909937675984	0.1465868831839412	0.36103594614981366	0.40601741944862807	0.17118245032971902	0.19132156213321536	0.14592039693554468
153	NRAS	-1.0039555834265286	5.432973101867328e-09	0.1066057619368255	0.5301246483751594	-449.5061032250676			0.1721065678578509	2.983850526924612e-08	-0.7846000098234378	0.1473851516652917	0.2130795029199894	1.0656917723154131	-136.0016196874766			0.5415405400125926	0.372667560667194	0.21935557360309077	0.568231314850686	0.3860321806810854	0.17486820895385052	0.19417184240979507	0.3556661850130351
154	RPS9	1.126753805723616	6.043313105206633e-21	0.278075571604006	0.2756807467841292	-360.02289213632616			0.1200047574143023	9.229305365056796e-20	1.026298950711993	0.0001787326673782	0.2924586800296678	0.3444126810550197	-107.17523495422807			0.2738753121187646	0.0032019767219682	0.10045485501162288	0.29901309066697446	0.3359547061553381	0.1842262556278611	0.20324315943460805	0.1347212879792147
155	COX7C	1.068297151034976	4.8461673619551264e-18	0.193127529480981	0.2842720837255962	-351.1570819985411			0.1234036167762542	5.818743018733706e-17	0.9576791566334948	0.0036566801957588	0.2254244051339331	0.4586798757911418	-112.97937054599264			0.3295122697315328	0.0331614202659894	0.11061799440148112	0.3518618884407447	0.31437901641373633	0.18830829783039632	0.2051065129484178	0.1576986863469512
156	RRBP1	1.5928171962577824	3.880029783728353e-55	0.1811897258148367	0.1956866439724557	-285.13987355966947			0.1018417575525288	2.937013849335244e-53	1.6808069762878963	1.1438791537168819e-10	0.1552458773658985	0.3172831384116649	-104.39539377008236			0.2607277075731201	3.852584989718458e-08	-0.08798978003011393	0.27991191664115067	-0.3143481030960091	0.18831416685907365	0.2051065129484178	-0.07757335335141126
157	SLC22A18	-1.083137215185216	8.165945966856073e-09	0.2902609150408924	0.5773476320514158	-432.97329311426734			0.1878816727156973	4.3476794887756644e-08	-0.9803600125040088	0.001027843461061	0.4042653164380544	0.3770431102017758	-100.14298425111738			0.2986360108670594	0.0120200582529639	0.10277720268120727	0.3528214703345572	0.29130087401923266	0.1927053047619764	0.2085608045208732	0.14383247458005044
158	PSME2	-1.2526940462376828	3.9669638102302426e-30	0.134833884155627	0.2279268401346267	-309.52218666036697			0.1098413328097357	1.015659410825125e-28	-1.3597378337863226	0.0003079472596503	1.929821968109097e-09	0.6245293249828039	-134.47933771447765			0.3768130290963845	0.0047576439013865	-0.10704378754863986	0.39249608570049693	-0.27272574542392264	0.19626601066791904	0.2110785397749318	-0.11829441867135164
159	NDUFA5	1.1071639373552442	5.414693179077969e-17	0.1339883208265936	0.3343305342701975	-395.7580768238729			0.1321620835880001	6.0044463852068435e-16	1.1913694896673956	0.0001124682844881	0.0073732770010445	0.4361054373822038	-118.18753299473144			0.308486100581095	0.0021769723112412	-0.08420555231215143	0.33560466413631823	-0.25090697868831835	0.20047150719020063	0.21425392330952694	-0.10575206076414596
160	NAMPT	1.5988119104478051	2.5529403521474546e-52	0.139048283363554	0.212445653357637	-301.94709494062727			0.1050376068041471	1.646173760403229e-50	1.508525975262333	2.0981823752850398e-05	3.519413039424925	0.5638853105518128	-137.71089747977732			0.3545986869260898	0.0006928115921529	0.09028593518547212	0.36982851108703024	0.2441291909055262	0.2017826913284368	0.21431577774635213	0.08386068693660656
161	IDH1	-1.0180935098904196	1.8505237608293965e-25	0.3124793718048376	0.1828037761641731	-275.6165673342439			0.0976322787336215	3.7462347297720685e-24	-1.0872048593621666	9.624101749868438e-05	0.1607272577989215	0.3196325804670469	-98.74047586171484			0.2787791698493562	0.002005663847783	-0.06911134947174702	0.29538091914105713	-0.2339736421455963	0.20375136032198982	0.21507088033987815	-0.094753733283714
162	PCK1	1.1108696593449363	7.59686801974874e-26	0.3486516585518098	0.2079665700105632	-291.4731302309924			0.1056751601004086	1.5935117135400671e-24	1.0411795559293893	0.0007229986623128	0.0161206599641812	0.4368576008438222	-119.79509580368972			0.3079769630576413	0.0090860428905582	0.06969010341554704	0.3256025940259916	0.21403423895936144	0.20763008924445103	0.21782052307239955	0.09347066312849088
163	RPS6	1.1035049044001213	4.402138471434878e-15	0.0627173299406751	0.3760516620110127	-410.3702636852938			0.1407009026605845	4.1204962789075936e-14	1.0434134215006283	0.0001393239024107	0.0985221749745982	0.3101010916648587	-94.73842016661555			0.2739074096078602	0.0026361960860633	0.060091482899492954	0.3079318318193028	0.19514540781465942	0.21131977888828246	0.2203395255481482	0.0807821454373078
164	GPAM	-1.1617270013991767	4.996629128919808e-19	0.1948951474738426	0.3100047664745612	-364.4024650198737			0.1303503796625931	6.396420083418665e-18	-1.2215876536980796	0.0003650675885624	0.0624428175359348	0.4687587843921973	-103.9248674129739			0.3427451553170228	0.0054890519565993	-0.05986065229890292	0.3666953271743073	-0.1632435645149314	0.21758166667566203	0.22549372728204975	-0.07248630210578343
165	RPL22	1.0581495798364915	1.5983591815669847e-14	0.1552128219828555	0.3642454784386157	-412.7414593281014			0.1377906651493639	1.4344037809835673e-13	1.1045741977142571	0.0002577107816117	0.1341532753720963	0.4164889035489636	-117.4495731056984			0.3022526635286214	0.0042034782104386	-0.04642461787776564	0.33217907822806986	-0.1397578021030304	0.22221283875807862	0.22890599655199667	-0.0619467513181058
166	NDUFA10	1.1204346907582658	1.8651078543995758e-18	0.1687693883750796	0.3140200293030712	-381.5154973282156			0.1278282004018504	2.302945230148696e-17	1.1717843953515577	0.0025530901592467	0.0446176083048502	0.6590940877385053	-130.49014447939638			0.3883968351380242	0.0249965338847182	-0.0513497045932918	0.40889136743542187	-0.12558275542807026	0.22501555351189406	0.23040514760798733	-0.06464858506255884
167	ITPR2	-1.013089631252672	3.0065776589043554e-08	0.0275543903089083	0.621471049971313	-480.9684890408535			0.1828334046875661	1.4912967818098244e-07	-0.9695507218794488	0.0034404738111195	0.0130208357909994	0.4773946774582832	-108.75448940743344			0.3314284582603668	0.0320097121432334	0.043538909373223245	0.3785140378037399	0.11502587757603389	0.22710615270912393	0.23116161972178687	0.06337353982928094
168	THEM6	-1.1710682744964045	2.9061326337910965e-22	0.2005726896063549	0.25711967034069	-321.3013007748739			0.1206820182750818	4.773185769273867e-21	-1.147166039788234	9.054050419032124e-05	0.1627271148577581	0.3780532398173434	-108.55518618357598			0.2930453539229231	0.002005663847783	0.023902234708170544	0.31692227594594613	0.07541986323563851	0.23497016391021824	0.23775087590915575	0.029750968051065085
169	NDUFB10	1.0077205388505572	2.2176461169285935e-13	0.1742199678416706	0.3617921543240872	-406.43000908538033			0.1373857010663328	1.856212446909943e-12	1.0004263857348177	0.0006204904977582	0.1282715428694965	0.3686920632809065	-105.02958589377396			0.2923090153176291	0.0081633281111317	0.0072941531157395545	0.3229851254987599	0.022583557383566138	0.24549561494770594	0.24549561494770594	0.010480592508855776
170	RPL18	1.0416194356863926	8.090574338416301e-14	0.1317818406341163	0.3749206471225162	-419.6383007971963			0.1394620370547706	7.042844961591392e-13	1.034501790955714	0.0002257894613622	0.1812428839041257	0.3585300858933644	-108.68083985521542			0.2804847584810742	0.0038798923768774	0.007117644730678663	0.3132432912604079	0.022722417141127424	0.24546792353950253	0.24549561494770594	0.009892130435251388
